,Year,Month,Day,Hour,Temperature_mean,Humidity_mean,WindSpeed_mean,GeneralDiffuseFlows_mean,DiffuseFlows_mean,Weekday_first,IsWeekend_first,TimeOfDay_Afternoon_first,TimeOfDay_Evening_first,TimeOfDay_Morning_first,TimeOfDay_Night_first,Season_Autumn_first,Season_Spring_first,Season_Summer_first,Season_Winter_first,Temperature_mean_lag4,Temperature_mean_lag8,Temperature_mean_lag12,Temperature_mean_lag24,Temperature_mean_lag48,Humidity_mean_lag4,Humidity_mean_lag8,Humidity_mean_lag12,Humidity_mean_lag24,Humidity_mean_lag48,WindSpeed_mean_lag4,WindSpeed_mean_lag8,WindSpeed_mean_lag12,WindSpeed_mean_lag24,WindSpeed_mean_lag48,GeneralDiffuseFlows_mean_lag4,GeneralDiffuseFlows_mean_lag8,GeneralDiffuseFlows_mean_lag12,GeneralDiffuseFlows_mean_lag24,GeneralDiffuseFlows_mean_lag48,DiffuseFlows_mean_lag4,DiffuseFlows_mean_lag8,DiffuseFlows_mean_lag12,DiffuseFlows_mean_lag24,DiffuseFlows_mean_lag48,PowerConsumption_Zone1_sum_lag4,PowerConsumption_Zone1_sum_lag8,PowerConsumption_Zone1_sum_lag12,PowerConsumption_Zone1_sum_lag24,PowerConsumption_Zone1_sum_lag48,PowerConsumption_Zone2_sum_lag4,PowerConsumption_Zone2_sum_lag8,PowerConsumption_Zone2_sum_lag12,PowerConsumption_Zone2_sum_lag24,PowerConsumption_Zone2_sum_lag48,PowerConsumption_Zone3_sum_lag4,PowerConsumption_Zone3_sum_lag8,PowerConsumption_Zone3_sum_lag12,PowerConsumption_Zone3_sum_lag24,PowerConsumption_Zone3_sum_lag48,label
8337,2017,12,14,9,11.0,70.0,0.0,68.5,59.833333333333336,3,0,0,0,1,0,0,0,0,1,11.0,12.0,12.666666666666666,13.0,18.0,66.33333333333333,58.0,50.66666666666666,55.5,49.16666666666666,0.0,0.0,0.0,0.0,0.0,0.0,0.0,0.0,62.0,91.16666666666669,0.0,0.0,0.0,35.833333333333336,47.16666666666666,133569,141217,225475,165709,167030,105711,112518,194905,129445,130167,53811,57734,90170,46627,47834,168526
7819,2017,11,22,19,11.166666666666666,64.33333333333333,4.0,0.0,0.0,2,0,0,1,0,0,1,0,0,0,15.0,13.333333333333334,9.666666666666666,13.0,18.166666666666668,48.16666666666666,63.0,69.66666666666667,46.5,69.16666666666667,4.0,4.0,4.0,0.0,0.0,171.5,499.3333333333333,0.1666666666666666,0.0,0.0,139.83333333333334,103.0,0.1666666666666666,0.0,0.0,179954,196724,131633,235702,237418,146891,137049,113293,198964,198154,63311,61033,44591,98275,103596,235622
3915,2017,6,13,3,17.0,66.5,0.0,0.0,0.0,1,0,0,0,0,1,0,0,1,0,18.166666666666668,20.666666666666668,22.166666666666668,17.0,20.0,55.333333333333336,44.5,42.5,65.66666666666667,60.0,0.0,0.0,0.0,0.0,0.0,0.0,47.0,382.0,0.0,0.0,0.0,40.5,211.16666666666663,0.0,0.0,260139,273159,221343,198557,201801,146389,161451,124751,122166,109161,152144,159888,111700,119948,122699,208221
7936,2017,11,27,16,18.166666666666668,61.5,0.0,195.5,85.33333333333333,0,0,1,0,0,0,1,0,0,0,16.833333333333332,8.0,10.0,20.33333333333333,19.0,73.5,88.16666666666667,85.83333333333333,44.66666666666666,48.16666666666666,0.0,3.0,0.0,4.0,0.0,478.5,31.83333333333333,0.0,176.5,199.83333333333331,63.66666666666666,17.666666666666668,0.0,96.33333333333331,122.66666666666669,173972,153794,131351,175100,180857,152978,122182,99250,134217,150110,72847,47749,57238,63646,62194,187492
1739,2017,3,14,11,15.166666666666666,72.0,0.0,372.8333333333333,273.6666666666667,1,0,0,0,1,0,0,1,0,0,11.166666666666666,14.0,12.166666666666666,15.0,16.0,84.0,81.0,84.66666666666667,69.66666666666667,52.833333333333336,0.0,0.0,0.0,0.0,0.0,6.0,0.0,0.0,642.3333333333334,666.5,5.5,0.0,0.0,104.5,59.66666666666666,138016,135884,191181,206034,189857,88263,81524,113793,123506,106577,68920,88221,114948,96268,100552,201144
4775,2017,7,18,23,26.166666666666668,41.66666666666666,4.0,0.0,0.0,1,0,0,1,0,0,0,0,1,0,32.0,36.0,32.5,26.33333333333333,25.0,27.0,22.666666666666668,29.33333333333333,46.5,83.16666666666667,4.0,4.0,4.0,4.0,4.0,125.33333333333331,764.1666666666666,807.5,0.0,0.0,133.16666666666666,63.16666666666666,65.83333333333333,0.0,0.0,262627,243741,247907,245018,241477,175649,169151,170617,164214,158035,233355,181166,179341,213953,214333,248112
8222,2017,12,9,14,16.0,56.833333333333336,0.0,404.5,47.66666666666666,5,1,1,0,0,0,0,0,0,1,7.666666666666667,6.0,7.5,17.0,15.833333333333334,82.16666666666667,87.0,82.66666666666667,46.833333333333336,54.16666666666666,0.0,0.0,0.0,0.0,0.0,277.0,0.0,0.0,433.6666666666667,430.3333333333333,54.333333333333336,0.0,0.0,70.66666666666667,44.66666666666666,175554,132591,130163,180693,184271,142502,107158,105280,154456,162691,54767,56145,61170,58830,53857,189520
1650,2017,3,10,18,19.33333333333333,53.333333333333336,0.0,116.83333333333331,134.66666666666666,4,0,0,1,0,0,0,1,0,0,20.5,11.666666666666666,12.0,14.333333333333334,14.333333333333334,45.0,88.16666666666667,89.5,75.5,70.83333333333333,0.0,0.0,0.0,0.0,0.0,724.5,377.6666666666667,0.0,116.5,90.83333333333331,41.5,198.16666666666663,0.0,132.5,91.5,198350,184488,132906,221697,241109,123908,129895,80676,152727,133819,94243,89388,75266,132484,130369,224109
73,2017,1,4,1,8.0,81.5,0.0,0.0,0.0,2,0,0,0,0,1,0,0,0,1,9.0,14.0,15.0,11.666666666666666,10.333333333333334,83.16666666666667,65.66666666666667,62.333333333333336,72.33333333333333,78.33333333333333,0.0,0.0,0.0,0.0,0.0,0.0,84.0,488.8333333333333,0.0,0.0,0.0,105.5,44.16666666666666,0.0,0.0,241164,226970,201736,135819,135072,157751,148129,129276,91300,89461,151088,132829,100947,91139,90473,139482
4907,2017,7,24,11,28.83333333333333,46.5,4.0,805.3333333333334,37.833333333333336,0,0,0,0,1,0,0,0,1,0,23.666666666666668,24.0,24.0,30.5,30.0,60.5,53.16666666666666,57.833333333333336,30.0,58.0,4.0,4.0,4.0,4.0,4.0,160.66666666666666,0.0,0.0,812.3333333333334,795.1666666666666,152.0,0.0,0.0,47.0,67.33333333333333,172344,180795,244495,206980,228579,121091,121356,166009,139148,160777,132797,157759,227184,185709,182822,251555
3208,2017,5,14,16,26.0,35.166666666666664,1.3333333333333333,630.1666666666666,671.5,6,1,1,0,0,0,0,1,0,0,25.5,18.5,20.33333333333333,34.833333333333336,20.83333333333333,36.0,59.833333333333336,50.66666666666666,18.83333333333333,71.33333333333333,0.0,4.0,0.0,1.8333333333333333,0.0,900.0,378.1666666666667,0.0,586.3333333333334,577.6666666666666,46.333333333333336,364.1666666666667,0.0,563.8333333333334,554.6666666666666,201780,144243,138615,191870,196844,108341,87939,81919,114239,127275,112153,78445,86280,104376,97130,182367
3019,2017,5,6,19,20.0,60.5,0.0,72.66666666666667,80.16666666666667,5,1,0,1,0,0,0,1,0,0,21.0,20.33333333333333,14.5,24.166666666666668,20.166666666666668,57.0,64.33333333333333,86.33333333333333,24.83333333333333,46.0,0.0,0.0,4.0,4.0,0.0,740.0,821.6666666666666,105.5,82.5,75.0,79.0,54.0,94.0,93.33333333333331,82.66666666666667,196793,212910,147478,250427,263874,124232,130471,94288,152791,158610,104732,107256,68365,143665,151950,244837
3931,2017,6,13,19,21.5,43.16666666666666,0.0,146.66666666666666,149.0,1,0,0,1,0,0,0,0,1,0,23.0,21.666666666666668,17.166666666666668,20.666666666666668,22.5,37.66666666666666,42.16666666666666,61.5,44.5,51.16666666666666,0.0,0.0,0.0,0.0,0.0,544.6666666666666,441.6666666666667,192.66666666666663,47.0,117.33333333333331,245.5,312.0,182.33333333333331,40.5,124.5,213561,198444,148244,273159,259045,131956,126492,84190,161451,156204,111871,100977,67728,159888,163268,270132
2301,2017,4,6,21,13.0,82.16666666666667,0.0,0.0,0.0,3,0,0,1,0,0,0,1,0,0,13.0,14.166666666666666,13.333333333333334,15.0,17.0,84.16666666666667,68.33333333333333,77.0,72.0,72.83333333333333,0.0,0.0,0.0,0.0,0.0,70.33333333333333,87.66666666666667,65.33333333333333,0.0,0.0,63.66666666666666,80.16666666666667,59.16666666666666,0.0,0.0,196469,210247,193023,252171,249741,108126,122811,112217,134113,133685,113062,116554,99133,167218,165065,252421
7396,2017,11,5,4,14.166666666666666,86.66666666666667,0.0,0.0,0.0,6,1,0,0,0,1,1,0,0,0,15.0,17.0,22.666666666666668,14.0,14.166666666666666,84.66666666666667,79.33333333333333,55.333333333333336,87.33333333333333,82.66666666666667,0.0,0.0,0.0,0.0,0.0,0.0,0.0,245.5,0.0,0.0,0.0,0.0,165.33333333333334,0.0,0.0,160164,225117,179825,133208,132550,125507,186041,147834,107529,104654,76855,103225,70442,63958,62957,133744
8060,2017,12,2,20,15.0,62.66666666666666,0.0,0.0,0.0,5,1,0,1,0,0,0,0,0,1,16.0,17.666666666666668,15.333333333333334,15.0,14.5,63.16666666666666,56.5,63.5,74.16666666666667,79.33333333333333,0.0,0.0,0.0,0.0,0.0,54.0,255.0,8.0,0.0,0.0,56.0,143.5,8.0,0.0,0.0,170504,180078,124906,212602,232268,134682,136903,90267,170181,197930,59682,57107,39896,90760,96426,219093
3836,2017,6,9,20,23.166666666666668,57.66666666666666,0.0,7.5,5.833333333333333,4,0,0,1,0,0,0,0,1,0,25.166666666666668,25.0,20.666666666666668,21.83333333333333,21.0,50.833333333333336,59.5,68.66666666666667,70.5,79.33333333333333,0.0,0.0,0.0,0.0,0.0,424.0,865.6666666666666,362.3333333333333,8.666666666666666,10.666666666666666,199.66666666666663,227.66666666666663,330.1666666666667,7.333333333333333,9.333333333333334,215939,193676,154893,271594,274009,123786,128155,100067,165975,166645,109071,93929,67931,164496,165053,273934
2189,2017,4,2,5,14.0,88.5,0.0,0.0,0.0,6,1,0,0,0,1,0,1,0,0,15.0,15.0,16.0,16.0,14.666666666666666,83.66666666666667,83.16666666666667,78.16666666666667,84.0,83.66666666666667,0.0,0.0,0.0,0.0,0.0,0.0,0.0,135.66666666666666,0.0,0.0,0.0,0.0,121.83333333333331,0.0,0.0,149844,259241,193927,151470,146178,70656,113504,85437,73614,87905,100937,162581,106366,85762,85596,135236
8321,2017,12,13,17,12.0,63.333333333333336,0.0,1.8333333333333333,1.8333333333333333,2,0,1,0,0,0,0,0,0,1,12.666666666666666,13.0,13.333333333333334,19.5,15.0,55.66666666666666,55.5,50.0,27.666666666666668,72.0,0.0,0.0,0.0,0.0,0.0,119.0,62.0,0.0,30.33333333333333,65.66666666666667,114.83333333333331,35.833333333333336,0.0,30.666666666666668,69.66666666666667,192570,165709,128574,225099,217767,155801,129445,100367,189427,185465,56254,46627,58554,84945,98924,224745
1126,2017,2,16,22,12.166666666666666,62.5,0.0,0.0,0.0,3,0,0,1,0,0,0,0,0,1,13.0,14.0,13.333333333333334,14.0,15.0,65.16666666666667,71.33333333333333,71.16666666666667,64.0,65.16666666666667,0.0,0.0,0.0,0.0,0.0,30.0,660.6666666666666,219.83333333333331,0.0,0.0,29.5,607.1666666666666,204.83333333333331,0.0,0.0,246017,199473,193372,222624,217626,158032,141147,123519,139796,146751,151297,104338,90166,135904,139124,229361
2145,2017,3,31,9,17.833333333333332,73.5,0.0,427.0,150.16666666666666,4,0,0,0,1,0,0,1,0,0,14.666666666666666,16.333333333333332,18.33333333333333,16.5,16.666666666666668,83.66666666666667,81.33333333333333,62.5,68.33333333333333,60.66666666666666,0.0,0.0,0.0,4.0,4.0,0.0,0.0,0.0,427.0,443.6666666666667,0.0,0.0,0.0,103.5,453.5,146178,148677,249269,188116,195211,87905,87297,146770,110656,108897,85596,90717,146586,90282,84115,189427
5874,2017,9,2,18,22.33333333333333,52.16666666666666,4.0,139.5,103.83333333333331,5,1,0,1,0,0,1,0,0,0,27.166666666666668,23.5,20.0,25.33333333333333,27.0,33.166666666666664,43.16666666666666,53.5,45.833333333333336,46.16666666666666,4.0,4.0,4.0,4.0,4.0,764.0,619.0,1.0,148.83333333333334,163.83333333333334,55.16666666666666,51.66666666666666,0.6666666666666666,120.0,145.5,192823,171142,122486,182691,225947,109217,97226,69603,102321,131684,97964,85161,61285,103231,107642,201744
1203,2017,2,20,3,13.0,69.83333333333333,0.0,0.0,0.0,0,0,0,0,0,1,0,0,0,1,13.0,13.0,13.333333333333334,13.0,9.833333333333334,64.83333333333333,66.5,69.5,72.83333333333333,85.0,0.0,0.0,0.0,0.0,0.0,0.0,0.1666666666666666,209.33333333333331,0.0,0.0,0.0,0.1666666666666666,211.5,0.0,0.0,191743,254749,203604,130438,138077,119402,153265,122247,76903,75127,118074,158515,113112,86542,82790,127553
5606,2017,8,22,14,24.83333333333333,49.833333333333336,4.0,680.6666666666666,88.66666666666667,1,0,1,0,0,0,0,0,1,0,25.666666666666668,23.0,23.0,28.5,27.0,44.66666666666666,59.16666666666666,55.0,48.66666666666666,75.0,4.0,4.0,4.0,4.0,4.0,675.5,3.8333333333333335,0.0,763.8333333333334,457.6666666666667,124.66666666666669,3.0,0.0,104.0,218.66666666666663,225525,148594,176174,233944,223716,152539,92239,114479,158033,142750,138827,86980,119868,153501,159032,241885
4157,2017,6,23,5,17.166666666666668,71.33333333333333,4.0,0.1666666666666666,0.0,4,0,0,0,0,1,0,0,1,0,18.666666666666668,23.0,26.5,17.666666666666668,20.0,75.0,44.833333333333336,30.166666666666668,63.0,79.5,4.0,4.0,4.0,4.0,0.0,0.0,0.0,508.3333333333333,0.1666666666666666,0.1666666666666666,0.0,0.0,166.5,0.1666666666666666,0.0,248936,280558,227192,145383,150494,152166,166143,136891,90760,84065,160746,172312,124827,79208,75290,144124
2865,2017,4,30,9,17.166666666666668,69.5,4.0,533.0,289.3333333333333,6,1,0,0,1,0,0,1,0,0,12.666666666666666,15.5,17.166666666666668,18.0,17.833333333333332,82.33333333333333,73.66666666666667,68.16666666666667,60.66666666666666,57.833333333333336,0.0,0.0,0.0,0.0,0.0,0.0,0.0,0.0,562.8333333333334,554.3333333333334,0.0,0.0,0.0,281.8333333333333,229.16666666666663,115086,147451,244843,182742,188048,64822,90187,148272,112539,125312,70940,97795,160079,90795,88911,158573
5046,2017,7,30,6,22.83333333333333,69.5,4.0,4.666666666666667,3.6666666666666665,6,1,0,0,1,0,0,0,1,0,23.0,25.0,31.666666666666668,24.0,24.0,63.833333333333336,60.16666666666666,28.666666666666668,54.66666666666666,60.333333333333336,4.0,4.0,4.0,4.0,4.0,0.0,0.0,291.8333333333333,17.0,10.666666666666666,0.0,0.0,178.16666666666666,15.0,8.5,190549,280209,238031,156934,157935,130455,187310,161651,103447,105877,147233,222600,179159,101750,114366,148296
7384,2017,11,4,16,22.666666666666668,55.333333333333336,0.0,245.5,165.33333333333334,5,1,1,0,0,0,1,0,0,0,22.0,13.333333333333334,14.0,20.5,22.0,57.16666666666666,85.0,87.33333333333333,62.5,48.833333333333336,0.0,0.0,0.0,0.0,0.0,524.8333333333334,93.83333333333331,0.0,106.0,218.0,544.1666666666666,53.333333333333336,0.0,87.5,121.5,191942,143777,133208,188255,187394,159863,113307,107529,155377,156336,69787,53445,63958,67973,67590,179825
3231,2017,5,15,15,20.83333333333333,66.83333333333333,4.0,768.6666666666666,594.1666666666666,0,0,1,0,0,0,0,1,0,0,20.166666666666668,17.0,14.166666666666666,26.0,32.833333333333336,67.5,81.83333333333333,71.0,38.333333333333336,14.0,4.0,4.0,0.0,0.0,3.8333333333333335,858.6666666666666,56.0,0.0,767.0,720.6666666666666,235.16666666666663,46.5,0.0,451.1666666666667,441.6666666666667,213475,157148,153182,185173,184217,131054,105486,92322,108009,120971,111169,72564,91358,107000,104866,204966
286,2017,1,12,22,15.0,83.0,0.0,0.0,0.0,3,0,0,1,0,0,0,0,0,1,15.0,16.166666666666668,15.666666666666666,12.333333333333334,10.5,79.33333333333333,72.5,70.5,70.0,85.16666666666667,0.0,0.0,0.0,0.0,0.0,6.0,404.5,280.3333333333333,0.0,0.0,6.166666666666667,276.3333333333333,184.83333333333331,0.0,0.0,265559,208105,197823,226672,224637,160176,125473,124020,140718,138828,152758,99426,85745,137086,134628,227018
31,2017,1,2,7,9.0,84.33333333333333,0.0,0.0,0.0,0,0,0,0,1,0,0,0,0,1,10.0,11.333333333333334,11.333333333333334,4.0,0.0,78.66666666666667,71.83333333333333,69.66666666666667,73.16666666666667,0.0,0.0,0.0,0.0,0.0,0.0,0.0,0.0,0.0,0.0,0.0,0.0,0.0,0.0,0.0,0.0,120580,180434,241910,111241,0,80795,120631,148152,68696,0,82765,117471,157114,69313,0,137369
3014,2017,5,6,14,21.666666666666668,56.833333333333336,0.0,835.6666666666666,52.333333333333336,5,1,1,0,0,0,0,1,0,0,20.0,13.666666666666666,15.0,24.666666666666668,20.0,68.66666666666667,87.16666666666667,79.66666666666667,33.0,65.16666666666667,0.0,4.0,4.0,4.0,0.0,710.0,18.666666666666668,0.0,841.0,248.16666666666663,139.5,16.833333333333332,0.0,58.66666666666666,212.66666666666663,205835,132407,147251,201038,202725,127850,79781,89656,137447,137510,98698,64377,89277,97864,104278,205142
6962,2017,10,18,2,19.83333333333333,66.83333333333333,0.0,0.0,0.0,2,0,0,0,0,1,1,0,0,0,21.5,18.5,22.0,19.0,18.0,59.16666666666666,85.83333333333333,80.33333333333333,91.83333333333331,86.5,0.0,0.0,0.0,0.0,0.0,0.0,0.0,222.33333333333331,0.0,0.0,0.0,0.0,178.33333333333334,0.0,0.0,220706,280788,228968,154238,158825,137999,175990,134869,99587,97560,100742,117916,71148,68417,70313,157699
4085,2017,6,20,5,20.0,82.66666666666667,0.0,0.0,0.0,1,0,0,0,0,1,0,0,1,0,21.0,21.0,23.0,18.0,19.0,87.0,82.33333333333333,69.5,89.5,83.16666666666667,0.0,0.0,0.0,0.0,0.0,0.0,0.0,482.6666666666667,0.0,0.1666666666666666,0.0,0.0,214.33333333333331,0.0,0.1666666666666666,241904,272841,224052,142828,140017,151347,168030,138421,88151,74370,157076,171272,126688,78971,76750,140806
3274,2017,5,17,10,19.83333333333333,72.83333333333333,4.0,639.6666666666666,583.8333333333334,2,0,0,0,1,0,0,1,0,0,17.0,16.166666666666668,19.0,19.83333333333333,20.0,84.5,84.83333333333333,74.33333333333333,69.16666666666667,67.0,4.0,4.0,4.0,4.0,4.0,5.166666666666667,0.0,0.0,735.0,690.1666666666666,4.333333333333333,0.0,0.0,719.3333333333334,609.0,144003,152123,240192,207823,205016,93659,93303,147307,134040,129920,68954,89994,144660,99817,101926,204033
7645,2017,11,15,13,22.666666666666668,49.16666666666666,0.0,490.6666666666667,109.66666666666669,2,0,1,0,0,0,1,0,0,0,12.833333333333334,12.0,13.333333333333334,20.666666666666668,20.5,88.16666666666667,86.66666666666667,85.5,60.16666666666666,59.0,0.0,0.0,0.0,0.0,0.0,221.33333333333331,0.0,0.0,516.5,528.8333333333334,104.83333333333331,0.0,0.0,70.5,50.833333333333336,167627,136430,143487,192089,192490,127950,107879,111868,150423,155162,65196,71315,75421,112959,107343,205222
168,2017,1,8,0,14.0,77.33333333333333,0.0,0.0,0.0,6,1,0,0,0,1,0,0,0,1,11.833333333333334,15.0,14.0,12.0,8.0,78.33333333333333,64.83333333333333,67.16666666666667,75.5,84.83333333333333,0.0,0.0,0.0,0.0,0.0,0.0,214.0,397.5,0.0,0.0,0.0,242.16666666666663,95.16666666666669,0.0,0.0,243892,183673,204197,163161,163032,150817,118093,129273,106768,107282,153174,104370,103324,104388,104024,159801
3172,2017,5,13,4,17.0,90.0,0.0,0.0,0.0,5,1,0,0,0,1,0,1,0,0,17.833333333333332,18.33333333333333,20.83333333333333,17.5,18.0,88.33333333333333,83.0,71.33333333333333,88.33333333333333,86.0,0.0,0.0,0.0,0.0,4.0,0.0,2.5,577.6666666666666,0.0,0.0,0.0,2.333333333333333,554.6666666666666,0.0,0.0,176108,270233,196844,146949,148636,104330,157183,127275,91175,90385,107011,153727,97130,89190,86518,146710
2133,2017,3,30,21,18.33333333333333,62.5,0.0,0.0,0.0,3,0,0,1,0,0,0,1,0,0,25.0,25.83333333333333,16.5,18.0,18.666666666666668,33.5,42.0,68.33333333333333,68.83333333333333,53.833333333333336,4.0,4.0,4.0,4.0,4.0,351.3333333333333,803.6666666666666,427.0,0.0,0.0,388.6666666666667,44.5,103.5,0.0,0.0,192884,206230,188116,266353,249883,114948,120779,110656,133706,148884,95618,110924,90282,144873,145907,249269
8316,2017,12,13,12,13.333333333333334,49.0,0.0,124.66666666666669,110.66666666666669,2,0,1,0,0,0,0,0,0,1,12.5,13.166666666666666,14.0,19.5,11.5,56.66666666666666,52.333333333333336,59.5,40.5,86.16666666666667,0.0,0.0,0.0,0.0,0.0,6.166666666666667,0.0,0.0,474.0,460.0,5.833333333333333,0.0,0.0,113.33333333333331,69.0,148839,123902,152745,195988,204657,114677,94520,121277,154403,164039,44044,56248,69007,58572,75478,194534
5327,2017,8,10,23,28.0,30.33333333333333,4.0,0.0,0.0,3,0,0,1,0,0,0,0,1,0,31.83333333333333,32.166666666666664,28.666666666666668,28.0,26.0,26.83333333333333,40.333333333333336,51.833333333333336,53.333333333333336,86.0,4.0,4.0,4.0,4.0,4.0,41.333333333333336,588.0,577.0,0.0,0.0,32.666666666666664,242.66666666666663,265.1666666666667,0.0,0.0,281444,244493,249747,235722,250944,199160,171634,174120,177774,177214,223704,164328,162378,192178,199382,244481
5753,2017,8,28,17,24.166666666666668,88.5,4.0,131.33333333333334,98.33333333333331,0,0,1,0,0,0,0,0,1,0,24.83333333333333,24.0,24.0,26.0,25.83333333333333,86.0,92.83333333333331,90.0,74.5,72.0,4.0,4.0,4.0,4.0,4.0,445.6666666666667,76.83333333333333,0.0,333.5,358.3333333333333,298.8333333333333,58.333333333333336,0.0,142.66666666666666,78.0,240951,207332,153841,211487,220432,149460,127361,91609,131965,140903,116226,100560,83363,127427,136973,223000
7746,2017,11,19,18,17.666666666666668,72.0,0.0,2.0,2.0,6,1,0,1,0,0,1,0,0,0,20.0,12.166666666666666,9.833333333333334,17.833333333333332,18.0,64.83333333333333,77.16666666666667,87.33333333333333,78.5,70.66666666666667,4.0,4.0,4.0,0.0,0.0,407.3333333333333,357.8333333333333,0.0,2.333333333333333,2.1666666666666665,107.33333333333331,44.833333333333336,0.0,2.333333333333333,2.1666666666666665,171597,160268,121844,231664,230292,126681,112519,86337,174426,189321,71129,63438,61640,108975,129996,220298
8284,2017,12,12,4,16.166666666666668,64.83333333333333,0.0,0.0,0.0,1,0,0,0,0,1,0,0,0,1,17.0,12.833333333333334,15.5,6.166666666666667,6.0,55.0,79.0,68.83333333333333,89.83333333333333,86.0,0.0,0.0,0.0,0.0,0.0,0.0,0.0,149.5,0.0,0.0,0.0,0.0,135.33333333333334,0.0,0.0,154431,236013,184916,133271,126696,126617,197948,154424,95577,95234,63256,96418,69947,56945,56486,126926
4614,2017,7,12,6,20.33333333333333,80.16666666666667,4.0,19.33333333333333,15.5,2,0,0,0,1,0,0,0,1,0,22.5,23.83333333333333,28.0,20.666666666666668,20.0,74.66666666666667,69.5,57.5,49.16666666666666,67.66666666666667,4.0,4.0,4.0,4.0,4.0,0.0,0.0,295.6666666666667,22.83333333333333,28.33333333333333,0.0,0.0,278.3333333333333,18.166666666666668,21.5,180395,272426,223324,154037,150579,121896,176824,149465,100038,95063,146643,221944,173483,102418,98502,156059
3882,2017,6,11,18,23.0,45.66666666666666,0.0,277.8333333333333,289.1666666666667,6,1,0,1,0,0,0,0,1,0,23.83333333333333,23.166666666666668,18.666666666666668,21.83333333333333,24.0,46.66666666666666,44.0,64.33333333333333,57.0,59.16666666666666,0.0,0.0,0.0,0.0,0.0,382.0,754.1666666666666,36.833333333333336,133.5,236.16666666666663,201.33333333333331,455.1666666666667,29.0,120.33333333333331,223.16666666666663,197567,161991,129109,241802,237009,102300,82206,62058,128628,136085,109933,85943,66287,131460,126232,219563
4077,2017,6,19,21,21.0,82.33333333333333,0.0,0.0,0.0,0,0,0,1,0,0,0,0,1,0,23.0,23.0,21.666666666666668,21.0,20.33333333333333,69.5,67.5,75.16666666666667,81.0,83.83333333333333,0.0,0.0,0.0,0.0,0.0,482.6666666666667,907.8333333333334,586.6666666666666,0.0,0.0,214.33333333333331,73.66666666666667,319.0,0.0,0.0,224052,231682,176904,265110,272689,138421,129953,114598,154988,160238,126688,115286,89256,173790,172620,272841
805,2017,2,3,13,14.333333333333334,61.5,0.0,523.1666666666666,555.3333333333334,4,0,1,0,0,0,0,0,0,1,13.166666666666666,12.166666666666666,14.0,13.0,12.0,65.66666666666667,69.66666666666667,53.66666666666666,51.333333333333336,44.833333333333336,4.0,4.0,4.0,4.0,4.0,84.66666666666667,0.0,0.0,546.5,581.6666666666666,86.0,0.0,0.0,577.1666666666666,617.1666666666666,168562,141575,152504,214191,208445,106009,83291,91789,126779,125394,77738,87075,96053,103273,102848,194770
4322,2017,6,30,2,22.0,74.16666666666667,4.0,0.0,0.0,4,0,0,0,0,1,0,0,1,0,23.83333333333333,26.666666666666668,28.666666666666668,22.0,21.83333333333333,71.33333333333333,56.16666666666666,52.333333333333336,83.0,74.16666666666667,4.0,0.5,0.0,4.0,4.0,0.0,280.8333333333333,813.8333333333334,0.0,0.0,0.0,268.3333333333333,140.16666666666666,0.0,0.0,254397,198285,213383,174532,171709,162390,125499,120398,110374,105846,190510,142142,139095,129275,127278,172509
1862,2017,3,19,14,13.0,71.16666666666667,0.0,170.0,156.16666666666666,6,1,1,0,0,0,0,1,0,0,12.5,9.333333333333334,10.0,11.0,13.666666666666666,70.16666666666667,89.33333333333333,88.16666666666667,86.5,73.5,0.0,0.0,0.0,0.0,0.0,63.16666666666666,0.0,0.0,77.16666666666667,242.33333333333331,58.16666666666666,0.0,0.0,70.0,224.83333333333331,184121,117918,142061,205126,203105,86964,62324,80448,118790,128160,90183,67189,89052,102958,93875,192417
6782,2017,10,10,14,24.33333333333333,56.5,0.0,335.3333333333333,193.16666666666663,1,0,1,0,0,0,1,0,0,0,19.83333333333333,19.0,20.0,22.5,22.0,90.66666666666669,88.0,85.0,65.33333333333333,59.16666666666666,0.0,0.0,0.0,0.0,4.0,89.5,0.0,0.0,492.8333333333333,623.1666666666666,70.33333333333333,0.0,0.0,153.83333333333334,57.66666666666666,201812,154131,156764,217302,203337,142627,98400,91289,136756,115215,73588,57738,72886,78857,83210,215342
6608,2017,10,3,8,18.83333333333333,64.16666666666667,4.0,108.5,69.5,1,0,0,0,1,0,1,0,0,0,18.83333333333333,21.5,24.0,19.33333333333333,17.0,62.16666666666666,60.833333333333336,50.16666666666666,56.16666666666666,85.66666666666667,4.0,4.0,4.0,4.0,4.0,0.0,0.0,0.0,79.33333333333333,133.5,0.0,0.0,0.0,62.66666666666666,73.66666666666667,158208,178311,278474,179188,154528,92850,100539,158663,110013,81775,70274,80917,116919,60433,56431,184311
1153,2017,2,18,1,9.0,88.0,0.0,0.0,0.0,5,1,0,0,0,1,0,0,0,1,10.166666666666666,11.666666666666666,10.5,12.333333333333334,14.0,78.66666666666667,79.33333333333333,67.66666666666667,57.16666666666666,62.0,0.0,0.0,0.0,0.0,0.0,0.0,77.5,101.33333333333331,0.0,0.0,0.0,77.83333333333333,101.5,0.0,0.0,247958,207911,205270,148688,146829,146722,126125,128222,90432,90507,148993,100880,97187,91806,90658,153046
6907,2017,10,15,19,21.0,74.0,0.0,0.0,0.0,6,1,0,1,0,0,1,0,0,0,22.0,22.0,15.0,20.83333333333333,22.5,70.83333333333333,68.66666666666667,86.83333333333333,76.0,56.833333333333336,0.0,0.0,0.0,0.0,0.0,178.5,466.8333333333333,9.0,0.0,0.0,143.0,122.5,7.166666666666667,0.0,0.0,199934,204301,143366,274857,270421,112523,113188,74378,168779,173440,76243,75467,50507,113925,120367,274120
5292,2017,8,9,12,29.33333333333333,67.16666666666667,4.0,724.0,241.5,2,0,1,0,0,0,0,0,1,0,25.33333333333333,25.0,25.33333333333333,28.0,32.666666666666664,88.33333333333333,88.0,87.66666666666667,75.66666666666667,38.0,4.0,4.0,4.0,4.0,4.0,52.5,0.0,0.0,672.3333333333334,251.16666666666663,39.5,0.0,0.0,301.0,202.66666666666663,198683,179120,220361,260711,263659,139720,122789,160473,184594,184765,133145,118742,178792,176420,164816,250151
1242,2017,2,21,18,14.833333333333334,60.833333333333336,0.0,44.16666666666666,50.333333333333336,1,0,0,1,0,0,0,0,0,1,15.0,13.0,7.0,13.5,13.0,52.66666666666666,62.0,86.5,69.0,69.16666666666667,0.0,0.0,0.0,0.0,0.0,760.3333333333334,138.33333333333334,0.0,56.66666666666666,24.5,805.0,136.16666666666666,0.0,64.0,24.5,223136,193005,135485,261850,247196,137704,121003,85299,158357,145358,104359,86867,80486,148483,155262,253365
5286,2017,8,9,6,25.166666666666668,87.66666666666667,4.0,0.3333333333333333,0.1666666666666666,2,0,0,0,1,0,0,0,1,0,25.0,26.0,28.666666666666668,25.0,26.0,89.0,84.66666666666667,68.5,92.0,65.66666666666667,4.0,4.0,4.0,4.0,4.0,0.0,0.0,212.16666666666663,2.6666666666666665,1.1666666666666667,0.0,0.0,195.0,2.0,1.0,185072,280159,247235,162083,152863,130810,192436,171831,106917,114099,137009,215235,188711,100572,96678,142809
7790,2017,11,21,14,15.666666666666666,28.33333333333333,4.0,470.1666666666667,32.5,1,0,1,0,0,0,1,0,0,0,12.833333333333334,11.0,13.0,20.83333333333333,20.0,58.16666666666666,62.66666666666666,56.16666666666666,47.833333333333336,64.83333333333333,4.0,0.0,0.0,0.0,4.0,360.5,0.0,0.0,322.5,407.3333333333333,32.166666666666664,0.0,0.0,156.33333333333334,107.33333333333331,178058,132699,135222,186519,171597,141769,107116,106417,154960,126681,57348,58372,59628,65664,71129,201272
620,2017,1,26,20,12.0,71.16666666666667,0.0,0.0,0.0,3,0,0,1,0,0,0,0,0,1,17.5,15.0,5.666666666666667,12.5,8.0,44.0,53.833333333333336,81.16666666666667,64.0,52.5,0.0,0.0,0.0,0.0,0.0,294.1666666666667,525.1666666666666,19.0,0.0,0.0,99.33333333333331,572.5,18.33333333333333,0.0,0.0,213051,217509,152996,266172,263682,133503,127493,97321,164353,159605,101422,110148,67995,154493,152921,270013
547,2017,1,23,19,12.0,70.5,0.0,0.0,0.0,0,0,0,1,0,0,0,0,0,1,14.0,12.833333333333334,9.166666666666666,12.666666666666666,12.0,55.66666666666666,71.16666666666667,77.66666666666667,60.5,57.333333333333336,0.0,0.0,0.0,0.0,0.0,214.0,427.6666666666667,0.0,0.0,0.0,239.0,450.8333333333333,0.0,0.0,0.0,210960,213092,144198,251578,266494,129334,120319,89628,152324,166771,100277,106234,73489,158399,160531,268530
3686,2017,6,3,14,23.0,61.333333333333336,0.0,857.6666666666666,73.83333333333333,5,1,1,0,0,0,0,0,1,0,21.666666666666668,19.0,19.0,23.0,23.166666666666668,68.5,84.0,87.83333333333333,67.66666666666667,58.333333333333336,0.0,0.0,0.0,0.0,0.0,727.6666666666666,33.0,0.0,866.8333333333334,855.1666666666666,690.3333333333334,28.83333333333333,0.0,133.5,58.0,192391,140552,242719,212456,212240,107559,74460,135188,120299,130726,88140,64704,139554,102649,106365,220607
4338,2017,6,30,18,28.5,40.16666666666666,4.0,297.0,286.5,4,0,0,1,0,0,0,0,1,0,27.83333333333333,24.666666666666668,20.0,26.666666666666668,26.33333333333333,47.833333333333336,64.66666666666667,83.66666666666667,56.16666666666666,55.16666666666666,4.0,4.0,4.0,0.5,4.0,814.0,656.3333333333334,23.83333333333333,280.8333333333333,297.3333333333333,149.83333333333334,172.0,19.33333333333333,268.3333333333333,302.0,206957,186701,126704,198285,195405,137418,126610,82787,125499,124429,134013,121039,81583,142142,135100,197465
7632,2017,11,15,0,14.0,85.5,0.0,0.0,0.0,2,0,0,0,0,1,1,0,0,0,15.333333333333334,20.0,20.33333333333333,19.0,18.0,81.66666666666667,63.5,61.0,74.66666666666667,66.66666666666667,0.0,0.0,0.0,0.0,0.0,0.0,222.0,516.6666666666666,0.0,0.0,0.0,241.16666666666663,73.83333333333333,0.0,0.0,225917,183414,191432,153757,153629,188179,150350,152509,125533,119616,121392,83661,110565,81406,81962,155774
26,2017,1,2,2,10.666666666666666,76.5,0.0,0.0,0.0,0,0,0,0,0,1,0,0,0,1,12.5,13.5,15.0,4.5,0.0,65.66666666666667,64.66666666666667,55.0,78.33333333333333,0.0,0.0,0.0,0.0,0.0,0.0,0.0,4.333333333333333,451.1666666666667,0.0,0.0,0.0,4.5,40.833333333333336,0.0,0.0,209829,237712,179389,132496,0,138402,146168,108592,85981,0,135488,154372,101237,94054,0,125673
5086,2017,7,31,22,25.0,69.33333333333333,4.0,0.0,0.0,0,0,0,1,0,0,0,0,1,0,27.5,29.166666666666668,26.166666666666668,23.0,25.0,51.16666666666666,40.16666666666666,47.0,62.5,60.16666666666666,4.0,4.0,4.0,4.0,4.0,252.33333333333331,833.1666666666666,684.1666666666666,0.0,0.0,277.0,57.66666666666666,44.333333333333336,0.0,0.0,235309,256606,242881,278596,280209,171126,183521,172414,184767,187310,185744,177076,154818,220203,222600,279328
8648,2017,12,27,8,13.0,65.16666666666667,0.0,15.333333333333334,11.333333333333334,2,0,0,0,1,0,0,0,0,1,14.0,15.0,14.0,6.0,5.333333333333333,60.833333333333336,53.833333333333336,53.833333333333336,87.16666666666667,88.66666666666667,0.0,0.0,0.0,0.0,0.0,0.0,0.0,0.0,16.833333333333332,12.333333333333334,0.0,0.0,0.0,10.0,7.333333333333333,123946,152709,238049,147106,148980,101748,130804,201161,117758,119184,56104,67435,98901,46217,44176,149667
2926,2017,5,2,22,21.666666666666668,46.66666666666666,0.0,0.0,0.0,1,0,0,1,0,0,0,1,0,0,27.666666666666668,28.33333333333333,23.0,19.166666666666668,21.666666666666668,31.0,35.833333333333336,49.16666666666666,57.833333333333336,49.833333333333336,0.0,0.0,0.0,0.0,0.0,126.66666666666669,532.6666666666666,562.5,0.0,0.0,108.83333333333331,354.8333333333333,201.66666666666663,0.0,0.0,207609,203554,206073,232221,226094,125054,133438,130036,138583,137798,106912,101543,94285,139402,152742,233205
2842,2017,4,29,10,21.33333333333333,47.333333333333336,0.0,675.6666666666666,72.5,5,1,0,0,1,0,0,1,0,0,12.0,14.166666666666666,16.833333333333332,20.0,18.0,75.83333333333333,63.333333333333336,50.0,47.333333333333336,53.833333333333336,0.0,0.0,0.0,0.0,0.0,9.833333333333334,0.0,0.0,713.3333333333334,705.5,8.666666666666666,0.0,0.0,39.333333333333336,58.833333333333336,127846,142592,225759,204914,204257,75600,84774,134550,134923,121113,68215,88544,139354,99216,101863,200287
5494,2017,8,17,22,23.0,62.16666666666666,0.0,0.0,0.0,3,0,0,1,0,0,0,0,1,0,27.5,30.83333333333333,25.666666666666668,22.0,22.666666666666668,48.16666666666666,34.166666666666664,53.0,63.5,60.833333333333336,0.0,0.0,0.0,0.0,4.0,205.5,793.5,642.3333333333334,0.0,0.0,218.0,48.5,42.16666666666666,0.0,0.0,239078,252914,236028,278670,270942,161111,173900,165902,187577,186904,176054,161566,149370,205792,207628,276502
1302,2017,2,24,6,11.666666666666666,65.0,0.0,0.0,0.0,4,0,0,0,1,0,0,0,0,1,15.0,14.0,14.333333333333334,14.0,13.333333333333334,65.33333333333333,65.33333333333333,71.0,55.833333333333336,63.333333333333336,0.0,0.0,4.0,0.0,0.0,0.0,0.0,44.66666666666666,0.0,0.0,0.0,0.0,49.16666666666666,0.0,0.0,140862,235712,250624,140299,148280,84716,142562,152615,73711,74585,86778,139818,143667,89354,78392,140140
5992,2017,9,7,16,26.0,59.66666666666666,0.0,489.8333333333333,76.5,3,0,1,0,0,0,1,0,0,0,23.5,22.0,22.0,25.5,25.0,83.83333333333333,88.16666666666667,89.0,68.0,62.66666666666666,0.0,0.0,0.0,0.0,0.0,594.5,94.33333333333331,0.0,486.8333333333333,495.5,242.33333333333331,64.16666666666667,0.0,89.83333333333333,59.0,223809,177505,165406,188524,202947,138429,110930,100635,123737,113899,98181,78506,84221,97664,94735,208957
3077,2017,5,9,5,16.166666666666668,88.16666666666667,4.0,0.0,0.0,1,0,0,0,0,1,0,1,0,0,18.33333333333333,19.166666666666668,23.166666666666668,13.5,16.0,81.33333333333333,67.66666666666667,48.5,82.33333333333333,66.0,0.0,0.0,0.0,0.0,0.0,0.0,0.0,456.0,0.0,0.0,0.0,0.0,491.1666666666667,0.0,0.0,157199,266090,200229,131024,116242,96381,158178,124750,79985,67958,95222,155942,100400,71174,69986,133101
2272,2017,4,5,16,16.0,68.83333333333333,0.0,168.83333333333334,159.16666666666666,2,0,1,0,0,0,0,1,0,0,15.166666666666666,15.0,15.0,19.0,15.0,79.5,85.83333333333333,87.5,68.0,83.0,0.0,0.0,0.0,0.0,0.0,73.33333333333333,63.66666666666666,0.0,524.0,146.16666666666666,68.66666666666667,58.16666666666666,0.0,535.0,132.33333333333334,210805,168296,147973,190368,192277,116608,101347,79461,111141,110438,117548,87672,96317,107546,106871,194003
2644,2017,4,21,4,15.0,91.0,0.0,0.0,0.0,4,0,0,0,0,1,0,1,0,0,15.0,15.833333333333334,16.0,16.0,11.0,88.5,86.16666666666667,84.33333333333333,81.0,73.66666666666667,0.0,0.0,0.0,0.0,0.0,0.0,0.1666666666666666,61.5,0.0,0.0,0.0,0.1666666666666666,51.833333333333336,0.0,0.0,145992,231388,153230,148604,149782,105210,172994,171499,81862,84756,109867,172925,114762,94205,96557,133816
7337,2017,11,2,17,21.33333333333333,51.833333333333336,0.0,60.333333333333336,50.5,3,0,1,0,0,0,1,0,0,0,21.83333333333333,19.666666666666668,18.666666666666668,20.0,17.5,49.66666666666666,55.333333333333336,55.5,39.0,70.66666666666667,0.0,0.0,0.0,0.0,0.0,778.3333333333334,202.16666666666663,0.0,68.33333333333333,17.833333333333332,745.1666666666666,172.66666666666666,0.0,48.16666666666666,15.333333333333334,191414,165788,140520,214028,219331,148270,132628,111906,182415,182413,75853,58175,63999,90971,89157,214282
8378,2017,12,16,2,13.0,81.0,0.0,0.0,0.0,5,1,0,0,0,1,0,0,0,1,14.0,15.333333333333334,16.0,13.666666666666666,12.333333333333334,78.16666666666667,63.333333333333336,59.0,69.0,59.333333333333336,0.0,0.0,0.0,0.0,0.0,0.0,0.1666666666666666,183.16666666666663,0.0,0.0,0.0,0.1666666666666666,174.83333333333334,0.0,0.0,202490,234351,183207,134488,130704,167676,194945,154307,106219,104820,84317,92983,56843,56876,54571,132219
500,2017,1,21,20,11.5,64.16666666666667,0.0,0.0,0.0,5,1,0,1,0,0,0,0,0,1,12.5,11.333333333333334,9.0,10.0,11.0,51.333333333333336,61.0,63.66666666666666,72.0,54.333333333333336,0.0,0.0,0.0,0.0,0.0,213.16666666666663,487.6666666666667,13.166666666666666,0.0,0.0,251.33333333333331,520.0,13.166666666666666,0.0,0.0,196463,210363,146731,261214,270844,123670,132051,91783,164812,173606,104412,104187,70169,156245,161433,264204
7279,2017,10,31,7,18.0,84.66666666666667,0.0,0.3333333333333333,0.3333333333333333,1,0,0,0,1,0,1,0,0,0,19.83333333333333,19.0,19.83333333333333,15.0,14.0,73.0,86.16666666666667,79.83333333333333,86.0,86.5,0.0,0.0,0.0,4.0,4.0,0.0,0.0,0.0,2.1666666666666665,3.1666666666666665,0.0,0.0,0.0,1.8333333333333333,2.5,138154,176483,243732,139932,121121,107179,140972,198602,108250,80266,63206,80567,103363,47035,46415,139000
437,2017,1,19,5,11.166666666666666,85.16666666666667,0.0,0.0,0.0,3,0,0,0,0,1,0,0,0,1,13.5,14.166666666666666,14.0,12.833333333333334,10.0,73.66666666666667,57.333333333333336,51.333333333333336,45.66666666666666,72.83333333333333,0.0,0.0,0.0,0.0,0.0,0.0,0.0,55.833333333333336,0.0,0.0,0.0,0.0,57.66666666666666,0.0,0.0,140819,246055,235204,137477,136032,94392,163015,159086,83454,83622,92429,151197,141124,83077,85322,130236
2680,2017,4,22,16,18.666666666666668,70.33333333333333,0.0,569.3333333333334,191.16666666666663,5,1,1,0,0,0,0,1,0,0,17.0,15.0,14.5,17.833333333333332,16.0,76.0,87.0,90.0,77.83333333333333,84.33333333333333,0.0,0.0,0.0,0.0,0.0,298.0,66.83333333333333,0.0,313.8333333333333,61.5,253.0,55.833333333333336,0.0,259.6666666666667,51.833333333333336,221166,163031,144852,217717,153230,125583,96444,79432,100988,171499,120416,80921,91436,104771,114762,194889
3994,2017,6,16,10,21.83333333333333,68.0,0.0,741.3333333333334,502.8333333333333,4,0,0,0,1,0,0,0,1,0,16.5,17.666666666666668,20.666666666666668,22.33333333333333,20.83333333333333,80.33333333333333,77.5,67.16666666666667,43.333333333333336,52.16666666666666,0.0,0.0,0.0,0.0,0.0,50.5,0.0,0.0,740.0,630.0,40.66666666666666,0.0,0.0,475.1666666666667,346.3333333333333,139280,242375,268912,184736,177997,88746,150317,165279,117057,122002,68372,151564,163172,91237,97793,189466
7737,2017,11,19,9,9.833333333333334,82.66666666666667,4.0,199.83333333333331,40.16666666666666,6,1,0,0,1,0,1,0,0,0,11.0,11.833333333333334,13.5,11.166666666666666,11.166666666666666,87.0,86.66666666666667,87.16666666666667,86.66666666666667,75.5,4.0,4.0,4.0,4.0,0.0,0.0,0.0,0.0,204.16666666666663,161.16666666666666,0.0,0.0,0.0,57.833333333333336,97.83333333333331,130976,140206,213203,148894,160545,95502,104825,163083,106398,125313,68967,70060,103815,94995,86529,142981
3624,2017,6,1,0,19.0,85.16666666666667,0.0,0.0,0.0,3,0,0,0,0,1,0,0,1,0,21.0,24.0,24.83333333333333,19.5,19.83333333333333,78.0,58.833333333333336,55.333333333333336,83.5,73.33333333333333,2.0,4.0,4.0,4.0,4.0,9.333333333333334,628.1666666666666,879.8333333333334,0.0,0.0,8.666666666666666,58.333333333333336,81.5,0.0,0.0,268809,207042,194426,217593,215969,161377,127427,129094,138253,134983,163202,110079,96168,131696,131625,216524
4405,2017,7,3,13,26.0,71.16666666666667,4.0,539.6666666666666,362.8333333333333,0,0,1,0,0,0,0,0,1,0,24.166666666666668,23.0,23.0,27.0,30.166666666666668,80.16666666666667,86.16666666666667,85.5,59.0,33.833333333333336,4.0,4.0,4.0,4.0,4.0,329.1666666666667,0.0,0.0,859.8333333333334,870.1666666666666,231.5,0.0,0.0,125.66666666666669,108.83333333333331,188609,134224,180088,197049,211082,129346,88149,120844,122450,141175,124168,89090,143274,151895,150214,227169
5918,2017,9,4,14,25.666666666666668,50.333333333333336,0.0,737.3333333333334,136.5,0,0,1,0,0,0,1,0,0,0,22.166666666666668,18.0,18.83333333333333,27.33333333333333,27.166666666666668,55.833333333333336,69.66666666666667,68.33333333333333,29.33333333333333,33.166666666666664,0.0,0.0,0.0,4.0,4.0,651.1666666666666,0.5,0.0,760.6666666666666,764.0,142.66666666666666,0.3333333333333333,0.0,53.333333333333336,55.16666666666666,195499,128379,158983,195932,192823,111896,71904,93978,110359,109217,87298,58451,85721,96717,97964,205643
4205,2017,6,25,5,19.33333333333333,81.66666666666667,4.0,0.0,0.0,6,1,0,0,0,1,0,0,1,0,21.0,21.166666666666668,23.33333333333333,16.833333333333332,17.166666666666668,77.83333333333333,82.0,72.0,70.83333333333333,71.33333333333333,4.0,4.0,4.0,4.0,4.0,0.0,0.0,491.0,0.1666666666666666,0.1666666666666666,0.0,0.0,196.83333333333331,0.1666666666666666,0.0,250386,281449,229227,148383,144124,136875,153734,122954,75986,87842,171515,188459,139198,79272,77612,141391
8421,2017,12,17,21,13.166666666666666,82.66666666666667,0.0,0.0,0.0,6,1,0,1,0,0,0,0,0,1,17.0,17.666666666666668,9.166666666666666,12.5,14.0,65.16666666666667,57.333333333333336,83.16666666666667,80.5,78.33333333333333,3.8333333333333335,0.0,0.0,0.0,0.0,59.333333333333336,481.5,140.33333333333334,0.0,0.0,74.16666666666667,34.0,25.83333333333333,0.0,0.0,204761,171417,136416,216277,219854,170216,138536,102420,180962,185656,83418,58485,45998,90562,90321,214920
4618,2017,7,12,10,27.0,68.5,4.0,685.3333333333334,91.33333333333331,2,0,0,0,1,0,0,0,1,0,20.33333333333333,22.5,23.83333333333333,27.33333333333333,30.0,80.16666666666667,74.66666666666667,69.5,59.0,26.83333333333333,4.0,4.0,4.0,4.0,4.0,19.33333333333333,0.0,0.0,684.0,702.0,15.5,0.0,0.0,80.16666666666667,65.5,156059,180395,272426,232177,223400,99057,121896,176824,157285,151788,102645,146643,221944,154523,154601,231609
3322,2017,5,19,10,21.666666666666668,54.833333333333336,0.0,653.8333333333334,247.33333333333331,4,0,0,0,1,0,0,1,0,0,15.666666666666666,18.0,19.33333333333333,23.33333333333333,19.83333333333333,76.83333333333333,70.16666666666667,68.33333333333333,50.16666666666666,72.83333333333333,0.0,0.0,0.0,4.0,4.0,28.5,0.0,0.0,717.3333333333334,639.6666666666666,25.33333333333333,0.0,0.0,706.6666666666666,583.8333333333334,143726,152452,243679,204902,204033,90141,91863,146408,140946,124817,68202,90938,142854,103561,100126,208302
6073,2017,9,11,1,21.0,87.0,0.0,0.0,0.0,0,0,0,0,0,1,1,0,0,0,22.0,26.0,27.0,21.5,20.33333333333333,84.83333333333333,52.5,49.16666666666666,68.83333333333333,87.5,0.0,0.0,0.0,0.0,0.0,0.0,274.0,644.1666666666666,0.0,0.0,0.0,112.33333333333331,208.5,0.0,0.0,264754,191866,206694,169216,179457,172030,121237,132502,100072,109333,107735,78195,73848,86155,96346,169994
6607,2017,10,3,7,18.0,63.833333333333336,4.0,16.666666666666668,13.166666666666666,1,0,0,0,1,0,1,0,0,0,19.5,21.33333333333333,24.5,18.666666666666668,17.0,58.833333333333336,63.833333333333336,50.0,58.0,84.5,4.0,4.0,4.0,4.0,4.0,0.0,0.0,0.1666666666666666,9.5,16.5,0.0,0.0,0.1666666666666666,7.833333333333333,13.333333333333334,157396,199044,283938,163898,138822,91435,112007,159951,96798,71437,69223,89999,120076,55514,51295,166816
7950,2017,11,28,6,14.833333333333334,77.33333333333333,4.0,0.0,0.0,1,0,0,0,1,0,1,0,0,0,12.0,11.833333333333334,15.833333333333334,8.333333333333334,11.833333333333334,87.16666666666667,78.5,73.16666666666667,88.0,71.16666666666667,0.0,0.0,4.0,0.0,4.0,0.0,0.0,1.3333333333333333,0.0,0.0,0.0,0.0,1.3333333333333333,0.0,0.0,134318,201296,243167,135179,126736,106186,168011,204239,107930,92902,58898,86114,100080,54093,52889,136041
2692,2017,4,23,4,13.666666666666666,86.0,0.0,0.0,0.0,6,1,0,0,0,1,0,1,0,0,15.0,16.666666666666668,18.666666666666668,14.5,15.0,86.0,77.16666666666667,70.33333333333333,90.0,91.0,0.0,0.0,0.0,0.0,0.0,0.0,0.1666666666666666,569.3333333333334,0.0,0.0,0.0,0.1666666666666666,191.16666666666663,0.0,0.0,163268,256457,194889,144852,133816,91812,135290,112594,79432,94096,114128,168486,112491,91436,95293,132885
3245,2017,5,16,5,17.0,81.33333333333333,4.0,0.0,0.0,1,0,0,0,0,1,0,1,0,0,17.0,18.0,21.0,16.5,19.166666666666668,84.0,84.5,65.33333333333333,79.66666666666667,57.16666666666666,4.0,4.0,4.0,0.0,0.0,0.0,0.0,452.5,0.0,0.0,0.0,0.0,482.0,0.0,0.0,158658,266242,201062,129576,117149,99830,158940,117029,78132,67988,95865,155716,102844,71146,67176,129789
1039,2017,2,13,7,8.0,88.83333333333333,0.0,0.0,0.0,0,0,0,0,1,0,0,0,0,1,8.0,10.666666666666666,12.0,10.0,10.166666666666666,90.0,89.83333333333333,85.83333333333333,92.0,81.33333333333333,0.0,0.0,0.0,0.0,4.0,0.0,0.0,0.0,0.0,0.0,0.0,0.0,0.0,0.0,0.0,134235,192310,257384,115435,124269,78533,118623,151240,61424,73977,86160,118265,159910,61134,62327,145609
4581,2017,7,10,21,30.166666666666668,22.83333333333333,4.0,0.0,0.0,0,0,0,1,0,0,0,0,1,0,34.0,34.666666666666664,26.83333333333333,26.5,25.0,30.83333333333333,21.166666666666668,34.0,42.0,77.33333333333333,4.0,4.0,4.0,4.0,4.0,474.3333333333333,891.1666666666666,547.8333333333334,0.0,0.0,75.83333333333333,66.0,188.33333333333331,0.0,0.0,221294,243632,197234,260153,278155,148083,165802,137413,186361,171039,166590,173026,140449,230583,223673,284642
4372,2017,7,2,4,20.0,81.0,4.0,0.0,0.0,6,1,0,0,0,1,0,0,1,0,22.166666666666668,27.5,30.0,20.0,20.0,68.33333333333333,43.16666666666666,42.5,71.83333333333333,80.83333333333333,4.0,4.0,4.0,4.0,4.0,0.0,18.5,626.6666666666666,0.0,0.0,0.0,17.333333333333332,83.5,0.0,0.0,206930,269894,198938,151186,151481,132621,174382,132005,97926,97346,171316,219980,148215,112251,110997,153469
6415,2017,9,25,7,18.0,85.0,4.0,22.666666666666668,16.5,0,0,0,0,1,0,1,0,0,0,18.0,19.33333333333333,22.0,20.0,17.5,87.83333333333333,84.0,76.5,76.66666666666667,71.5,4.0,4.0,4.0,4.0,4.0,0.0,0.0,2.5,15.666666666666666,21.0,0.0,0.0,2.1666666666666665,12.833333333333334,12.166666666666666,159417,200343,270998,137046,155530,89769,117116,151814,72438,88440,72877,90768,120910,57951,61251,163080
6379,2017,9,23,19,22.166666666666668,76.83333333333333,4.0,3.1666666666666665,2.833333333333333,5,1,0,1,0,0,1,0,0,0,24.0,24.0,17.5,24.5,28.5,62.5,57.833333333333336,71.5,40.66666666666666,31.166666666666668,4.0,4.0,4.0,4.0,4.0,568.5,653.6666666666666,21.0,1.1666666666666667,2.6666666666666665,102.33333333333331,101.0,12.166666666666666,1.1666666666666667,2.1666666666666665,210090,221802,155530,276484,283212,120007,129474,88440,155883,168554,87321,88016,61251,130118,120587,276821
2373,2017,4,9,21,14.0,85.83333333333333,0.0,0.0,0.0,6,1,0,1,0,0,0,1,0,0,16.0,15.0,14.0,14.0,14.0,79.16666666666667,81.5,88.33333333333333,89.83333333333333,82.0,0.0,0.0,0.0,0.0,0.0,181.16666666666663,305.5,86.66666666666667,0.0,0.0,169.33333333333334,284.5,80.33333333333333,0.0,0.0,183375,191831,172747,248155,248551,91792,98329,80235,127022,126482,109709,113539,94776,168440,168224,244372
